-- phpMyAdmin SQL Dump
-- version 4.9.4
-- https://www.phpmyadmin.net/
--
-- Host: localhost:3306
-- Generation Time: Mar 23, 2021 at 08:24 PM
-- Server version: 5.6.49-cll-lve
-- PHP Version: 7.3.6

SET SQL_MODE = "NO_AUTO_VALUE_ON_ZERO";
SET AUTOCOMMIT = 0;
START TRANSACTION;
SET time_zone = "+00:00";


/*!40101 SET @OLD_CHARACTER_SET_CLIENT=@@CHARACTER_SET_CLIENT */;
/*!40101 SET @OLD_CHARACTER_SET_RESULTS=@@CHARACTER_SET_RESULTS */;
/*!40101 SET @OLD_COLLATION_CONNECTION=@@COLLATION_CONNECTION */;
/*!40101 SET NAMES utf8mb4 */;

--
-- Database: `be_proj`
--

-- --------------------------------------------------------

--
-- Table structure for table `croptable`
--

CREATE TABLE `croptable` (
  `IoTID` int(11) NOT NULL,
  `userID` int(11) NOT NULL,
  `CropName` varchar(32) NOT NULL,
  `SoilType` varchar(32) NOT NULL,
  `ThresholdValue` varchar(15) NOT NULL
) ENGINE=InnoDB DEFAULT CHARSET=utf8mb4;

--
-- Dumping data for table `croptable`
--

INSERT INTO `croptable` (`IoTID`, `userID`, `CropName`, `SoilType`, `ThresholdValue`) VALUES
(1, 1, 'Rice', 'Muddy', 'Medium'),
(2, 2, 'Corn', 'Sandy', 'High');

-- --------------------------------------------------------

--
-- Table structure for table `iotdata`
--

CREATE TABLE `iotdata` (
  `userID` int(5) NOT NULL,
  `Date_Time` datetime NOT NULL,
  `Soil_Moisture` int(5) NOT NULL,
  `RainDrop` int(5) NOT NULL,
  `Motor_Status` int(2) NOT NULL
) ENGINE=InnoDB DEFAULT CHARSET=utf8mb4;

--
-- Dumping data for table `iotdata`
--

INSERT INTO `iotdata` (`userID`, `Date_Time`, `Soil_Moisture`, `RainDrop`, `Motor_Status`) VALUES
(2, '2020-02-21 01:59:21', 590, 860, 1),
(1, '2020-02-22 01:30:33', 765, 500, 1),
(1, '2020-03-09 18:39:49', 765, 450, 1),
(2, '2020-03-09 19:06:45', 765, 450, 1),
(2, '2020-03-09 21:14:27', 0, 0, 1),
(2, '2020-03-09 21:14:40', 0, 0, 1),
(2, '2020-03-09 21:14:53', 0, 0, 1),
(2, '2020-03-09 21:15:06', 0, 0, 1),
(2, '2020-03-09 21:15:20', 0, 0, 1),
(2, '2020-03-09 21:15:32', 0, 0, 1),
(2, '2020-03-09 21:15:45', 0, 0, 1),
(2, '2020-03-09 21:15:58', 0, 0, 1),
(2, '2020-03-09 21:16:12', 0, 0, 1),
(2, '2020-03-09 21:16:25', 0, 0, 1),
(2, '2020-03-09 21:16:38', 0, 0, 1),
(2, '2020-03-09 21:16:51', 0, 0, 1),
(2, '2020-03-09 21:17:04', 0, 0, 1),
(2, '2020-03-09 21:17:17', 0, 0, 1),
(2, '2020-03-09 21:17:30', 0, 0, 1),
(2, '2020-03-09 21:17:43', 0, 0, 1),
(2, '2020-03-09 21:17:56', 0, 0, 1),
(2, '2020-03-09 21:18:09', 0, 0, 1),
(2, '2020-03-09 21:18:22', 0, 0, 1),
(2, '2020-03-09 21:18:35', 0, 0, 1),
(2, '2020-03-09 21:18:48', 0, 0, 1),
(2, '2020-03-09 21:19:01', 0, 0, 1),
(2, '2020-03-09 21:19:14', 0, 0, 1),
(2, '2020-03-09 21:19:27', 0, 0, 1),
(2, '2020-03-09 21:19:40', 0, 0, 1),
(2, '2020-03-09 21:19:53', 0, 0, 1),
(2, '2020-03-09 21:20:41', 0, 0, 1),
(2, '2020-03-09 21:21:02', 0, 0, 1),
(2, '2020-03-09 21:21:15', 0, 0, 1),
(2, '2020-03-09 21:21:28', 0, 0, 1),
(2, '2020-03-09 21:21:41', 0, 0, 1),
(2, '2020-03-09 21:21:54', 0, 0, 1),
(2, '2020-03-09 21:22:07', 0, 0, 1),
(2, '2020-03-09 21:22:20', 0, 0, 1),
(2, '2020-03-09 21:22:33', 0, 0, 1),
(2, '2020-03-09 21:22:46', 0, 0, 1),
(2, '2020-03-09 21:23:20', 0, 0, 1),
(2, '2020-03-09 21:23:33', 0, 0, 1),
(2, '2020-03-09 21:23:46', 0, 0, 1),
(2, '2020-03-09 21:23:59', 0, 0, 1),
(2, '2020-03-09 21:24:12', 0, 0, 1),
(2, '2020-03-09 21:24:26', 0, 0, 1),
(2, '2020-03-09 21:24:38', 0, 0, 1),
(2, '2020-03-09 21:24:51', 0, 0, 1),
(2, '2020-03-09 21:25:04', 0, 0, 1),
(2, '2020-03-09 21:25:17', 0, 0, 1),
(2, '2020-03-09 21:25:30', 0, 0, 1),
(2, '2020-03-09 21:25:43', 0, 0, 1),
(2, '2020-03-09 21:25:56', 0, 0, 1),
(2, '2020-03-09 21:26:09', 0, 0, 1),
(2, '2020-03-09 21:26:22', 0, 0, 1),
(2, '2020-03-09 21:26:35', 0, 0, 1),
(2, '2020-03-09 21:26:48', 0, 0, 1),
(2, '2020-03-09 21:27:02', 0, 0, 1),
(2, '2020-03-09 21:27:15', 0, 0, 1),
(2, '2020-03-09 21:27:28', 0, 0, 1),
(2, '2020-03-09 21:28:59', 0, 0, 1),
(2, '2020-03-09 21:29:25', 0, 0, 1),
(2, '2020-03-09 21:29:38', 0, 0, 1),
(2, '2020-03-09 21:29:51', 0, 0, 1),
(2, '2020-03-09 21:30:04', 0, 0, 1),
(2, '2020-03-09 21:30:17', 0, 0, 1),
(2, '2020-03-09 21:30:30', 0, 0, 1),
(2, '2020-03-09 21:30:43', 0, 0, 1),
(2, '2020-03-09 21:30:56', 0, 0, 1),
(2, '2020-03-09 21:31:09', 0, 0, 1),
(2, '2020-03-09 21:31:22', 0, 0, 1),
(2, '2020-03-09 21:31:35', 0, 0, 1),
(2, '2020-03-09 21:32:01', 0, 0, 1),
(2, '2020-03-09 21:32:14', 0, 0, 1),
(2, '2020-03-09 21:32:27', 0, 0, 1),
(2, '2020-03-09 21:32:40', 0, 0, 1),
(2, '2020-03-09 21:33:54', 1010, 541, 1),
(2, '2020-03-09 21:34:07', 1009, 543, 1),
(2, '2020-03-09 21:34:20', 1008, 537, 1),
(2, '2020-03-09 21:34:33', 1007, 531, 1),
(2, '2020-03-09 21:34:46', 1006, 530, 1),
(2, '2020-03-09 21:34:59', 1005, 527, 1),
(2, '2020-03-09 21:35:12', 1006, 520, 1),
(2, '2020-03-09 21:35:25', 1007, 528, 1),
(2, '2020-03-09 21:35:38', 1006, 535, 1),
(2, '2020-03-09 21:36:04', 1006, 523, 1),
(2, '2020-03-09 21:36:17', 1005, 530, 1),
(2, '2020-03-09 21:36:30', 1006, 522, 1),
(2, '2020-03-09 21:36:43', 1006, 522, 1),
(2, '2020-03-09 21:36:56', 1006, 511, 1),
(2, '2020-03-09 21:37:09', 1006, 520, 1),
(2, '2020-03-09 21:37:22', 1006, 526, 1),
(2, '2020-03-09 21:37:35', 1006, 526, 1),
(2, '2020-03-09 21:37:48', 1007, 522, 1),
(2, '2020-03-09 21:38:01', 1005, 535, 1),
(2, '2020-03-09 21:38:15', 1005, 518, 1),
(2, '2020-03-09 21:38:28', 1006, 527, 1),
(2, '2020-03-09 21:38:40', 1006, 531, 1),
(2, '2020-03-09 21:38:54', 1006, 530, 1),
(2, '2020-03-09 21:39:07', 1009, 531, 1),
(2, '2020-03-09 21:39:20', 1006, 535, 1),
(2, '2020-03-09 21:39:33', 1007, 532, 1),
(2, '2020-03-09 21:39:46', 1008, 542, 1),
(2, '2020-03-09 21:39:59', 1010, 533, 1),
(2, '2020-03-09 21:40:12', 1006, 533, 1),
(2, '2020-03-09 21:40:25', 1008, 543, 1),
(2, '2020-03-09 21:40:38', 1007, 533, 1),
(2, '2020-03-09 21:40:51', 1008, 536, 1),
(2, '2020-03-09 21:41:04', 1009, 531, 1),
(2, '2020-03-09 21:41:17', 1008, 532, 1),
(2, '2020-03-09 21:41:30', 1009, 532, 1),
(2, '2020-03-09 21:41:56', 1009, 547, 1),
(2, '2020-03-09 21:42:09', 1009, 535, 1),
(2, '2020-03-09 21:42:22', 1008, 542, 1),
(2, '2020-03-09 21:42:48', 1009, 534, 1),
(2, '2020-03-09 21:43:01', 1009, 542, 1),
(2, '2020-03-09 21:43:14', 1006, 530, 1),
(2, '2020-03-09 21:43:27', 1007, 534, 1),
(2, '2020-03-09 21:43:40', 1005, 531, 1),
(2, '2020-03-09 21:43:53', 1006, 535, 1),
(2, '2020-03-09 21:44:06', 1007, 532, 1),
(2, '2020-03-09 21:44:19', 1008, 532, 1),
(2, '2020-03-09 21:44:32', 1007, 534, 1),
(2, '2020-03-09 21:44:45', 1008, 532, 1),
(2, '2020-03-09 21:44:58', 1008, 533, 1),
(2, '2020-03-09 21:45:11', 1006, 533, 1),
(2, '2020-03-09 21:45:25', 1006, 532, 1),
(2, '2020-03-09 21:45:38', 1008, 534, 1),
(2, '2020-03-09 21:46:04', 1009, 533, 1),
(2, '2020-03-09 21:46:17', 1008, 540, 1),
(2, '2020-03-09 21:46:30', 1009, 536, 1),
(2, '2020-03-09 21:46:43', 1008, 549, 1),
(2, '2020-03-09 21:46:56', 1004, 346, 1),
(2, '2020-03-09 21:47:09', 1004, 378, 1),
(2, '2020-03-09 21:47:22', 1004, 394, 1),
(2, '2020-03-09 21:47:35', 1006, 415, 1),
(2, '2020-03-09 21:47:48', 1005, 275, 1),
(2, '2020-03-09 21:48:01', 1005, 398, 1),
(2, '2020-03-09 21:48:14', 1005, 439, 1),
(2, '2020-03-09 21:48:27', 1005, 505, 1),
(2, '2020-03-09 21:48:40', 1009, 672, 1),
(2, '2020-03-09 21:48:53', 1000, 737, 1),
(2, '2020-03-09 21:49:06', 1009, 770, 1),
(2, '2020-03-09 21:49:19', 1009, 887, 1),
(2, '2020-03-09 21:49:32', 1010, 938, 1),
(2, '2020-03-09 21:49:45', 1010, 972, 1),
(2, '2020-03-09 21:49:58', 1010, 980, 1),
(2, '2020-03-09 21:50:11', 1010, 1003, 1),
(2, '2020-03-09 21:50:24', 1011, 1014, 1),
(2, '2020-03-15 19:04:45', 1017, 1011, 1),
(2, '2020-03-15 19:04:58', 1017, 1011, 1),
(2, '2020-03-15 19:05:11', 1017, 1011, 1),
(2, '2020-03-15 19:05:24', 1012, 234, 1),
(2, '2020-03-15 19:05:37', 1012, 250, 1),
(2, '2020-03-15 19:05:50', 1015, 286, 1),
(2, '2020-03-15 19:06:03', 1016, 302, 1),
(2, '2020-03-15 19:06:16', 1014, 307, 1),
(2, '2020-03-15 19:06:29', 1019, 719, 1),
(2, '2020-03-15 19:06:42', 1019, 910, 1),
(2, '2020-03-15 19:06:55', 1017, 983, 1),
(2, '2020-03-15 19:07:08', 1017, 996, 1),
(2, '2020-03-15 19:07:21', 1018, 1006, 1),
(2, '2020-03-15 19:07:34', 1011, 1003, 1),
(2, '2020-03-15 19:07:47', 1010, 755, 1),
(2, '2020-03-15 19:08:00', 1003, 372, 1),
(2, '2020-03-15 19:08:13', 1003, 386, 1),
(2, '2020-03-15 19:08:26', 1010, 960, 1),
(2, '2020-03-15 19:08:39', 1010, 1001, 1),
(2, '2020-03-15 19:08:52', 1011, 1003, 1),
(2, '2020-03-15 19:09:05', 1010, 1004, 1),
(2, '2020-03-15 19:09:18', 1010, 1006, 1),
(2, '2020-03-15 19:09:32', 1010, 1006, 1),
(2, '2020-03-15 19:09:45', 1011, 1007, 1),
(2, '2020-03-15 19:09:58', 1011, 1007, 1),
(2, '2020-03-15 19:10:11', 1016, 1011, 1),
(2, '2020-03-15 19:10:24', 1016, 1011, 1),
(2, '2020-03-15 19:10:37', 1017, 1013, 1),
(2, '2020-03-15 19:10:50', 776, 481, 1),
(2, '2020-03-15 19:11:03', 909, 487, 1),
(2, '2020-03-15 19:11:16', 915, 484, 1),
(2, '2020-03-15 19:11:29', 918, 488, 1),
(2, '2020-03-15 19:11:42', 1013, 491, 1),
(2, '2020-03-15 19:11:55', 1017, 985, 1),
(2, '2020-03-15 19:12:08', 992, 1014, 1),
(2, '2020-03-15 19:12:21', 998, 1014, 1),
(2, '2020-03-15 19:12:34', 965, 1015, 1),
(2, '2020-03-15 19:12:47', 954, 1015, 1),
(2, '2020-03-15 19:13:00', 952, 1015, 1),
(2, '2020-03-15 19:14:42', 1016, 1017, 1),
(2, '2020-03-15 19:14:55', 1016, 1017, 1),
(2, '2020-03-15 19:15:08', 1013, 441, 1),
(2, '2020-03-15 19:15:23', 1013, 459, 1),
(2, '2020-03-15 19:15:43', 1016, 846, 1),
(2, '2020-03-15 19:15:47', 1016, 1012, 1),
(2, '2020-03-15 19:16:00', 1017, 1018, 1),
(2, '2020-03-15 19:16:13', 708, 1016, 1),
(2, '2020-03-15 19:16:26', 946, 1017, 1),
(2, '2020-03-15 19:30:27', 347, 1010, 1),
(2, '2020-03-15 19:30:39', 345, 1010, 1),
(2, '2020-03-15 19:30:52', 346, 1010, 1),
(2, '2020-03-15 19:31:05', 347, 1007, 1),
(2, '2020-03-15 19:31:18', 348, 1007, 1),
(2, '2020-03-15 19:31:48', 349, 1007, 1),
(2, '2020-03-15 19:32:16', 353, 1007, 1),
(2, '2020-03-15 19:32:24', 327, 1007, 1),
(2, '2020-03-15 19:32:36', 336, 1007, 1),
(2, '2020-03-15 19:32:49', 335, 1007, 1),
(2, '2020-03-15 19:33:03', 330, 1007, 1),
(2, '2020-03-15 19:33:16', 341, 1007, 1),
(2, '2020-03-15 19:33:29', 335, 1007, 1),
(2, '2020-03-15 19:33:41', 1019, 1010, 1),
(2, '2020-03-15 19:33:55', 1019, 1010, 1),
(2, '2020-03-15 19:34:08', 1020, 1010, 1),
(2, '2020-03-15 19:34:21', 902, 1010, 1),
(2, '2020-03-15 19:34:34', 231, 1007, 1),
(2, '2020-03-15 19:34:47', 316, 1007, 1),
(2, '2020-03-15 19:35:00', 328, 1007, 1),
(2, '2020-03-15 19:35:13', 331, 1007, 1),
(2, '2020-03-15 19:35:26', 333, 1007, 1),
(2, '2020-03-15 19:35:39', 333, 1007, 1),
(2, '2020-03-15 19:35:52', 330, 1007, 1),
(2, '2020-03-15 19:36:05', 328, 1004, 1),
(2, '2020-03-15 19:36:18', 329, 1004, 1),
(2, '2020-03-15 19:36:31', 330, 1004, 1),
(2, '2020-03-15 19:36:44', 321, 1004, 1),
(2, '2020-03-15 19:36:57', 324, 1004, 1),
(2, '2020-03-15 19:37:10', 324, 1005, 1),
(2, '2020-03-15 19:37:23', 325, 1005, 1),
(2, '2020-03-15 19:37:36', 255, 1005, 1),
(2, '2020-03-15 19:37:49', 300, 1005, 1),
(2, '2020-03-15 19:38:02', 312, 1005, 1),
(2, '2020-03-15 19:38:15', 314, 1005, 1),
(2, '2020-03-15 19:38:28', 316, 1005, 1),
(2, '2020-03-15 19:38:41', 329, 1005, 1),
(2, '2020-03-15 19:38:54', 334, 1005, 1),
(2, '2020-03-15 19:39:07', 336, 1005, 1),
(2, '2020-03-15 19:39:20', 337, 1005, 1),
(2, '2020-03-15 19:39:33', 338, 1005, 1),
(2, '2020-03-15 19:39:46', 338, 1005, 1),
(2, '2020-03-15 19:40:00', 321, 1005, 1),
(2, '2020-03-15 19:40:13', 324, 1005, 1),
(2, '2020-03-15 19:40:26', 325, 1006, 1),
(2, '2020-03-15 19:40:39', 996, 1009, 1),
(2, '2020-03-15 19:40:52', 306, 1005, 1),
(2, '2020-03-15 19:41:05', 317, 1005, 1),
(2, '2020-03-15 19:41:18', 319, 1005, 1),
(2, '2020-03-15 19:41:31', 320, 1005, 1),
(2, '2020-03-15 19:41:44', 791, 1008, 1),
(2, '2020-03-15 19:41:57', 798, 1008, 1),
(2, '2020-03-15 19:42:10', 1003, 1009, 1),
(2, '2020-03-15 19:42:23', 274, 1005, 1),
(2, '2020-03-15 19:42:36', 302, 1006, 1),
(2, '2020-03-15 19:42:49', 305, 1006, 1),
(2, '2020-03-15 19:43:02', 306, 1006, 1),
(2, '2020-03-15 19:43:15', 306, 1005, 1),
(2, '2020-03-15 19:43:28', 307, 1005, 1),
(2, '2020-03-15 19:43:41', 307, 1005, 1),
(2, '2020-03-15 19:43:54', 308, 1005, 1),
(2, '2020-03-15 19:44:07', 807, 1009, 1),
(2, '2020-03-15 19:44:20', 809, 1008, 1),
(2, '2020-03-15 19:44:33', 812, 1008, 1),
(2, '2020-03-15 19:44:46', 1018, 1009, 1),
(2, '2020-03-15 19:44:59', 1019, 1010, 1),
(2, '2020-03-15 19:45:12', 1019, 696, 1),
(2, '2020-03-15 19:45:27', 1016, 408, 1),
(2, '2020-03-15 19:45:39', 191, 410, 1),
(2, '2020-03-15 19:45:56', 313, 416, 1),
(2, '2020-03-15 19:46:04', 307, 423, 1),
(2, '2020-03-15 19:46:17', 311, 431, 1),
(2, '2020-03-15 19:46:30', 311, 722, 1),
(2, '2020-03-15 19:46:44', 311, 827, 1),
(2, '2020-03-15 19:46:57', 312, 871, 1),
(2, '2020-03-15 19:47:10', 312, 906, 1),
(2, '2020-03-15 19:47:23', 313, 933, 1),
(2, '2020-03-15 19:47:37', 313, 945, 1),
(2, '2020-03-15 19:47:49', 314, 952, 1),
(2, '2020-07-12 16:07:54', 1, 2, 1),
(2, '2020-07-12 16:08:16', 1, 2, 1),
(2, '2020-07-12 16:08:29', 2, 2, 1),
(2, '2020-07-12 16:08:43', 2, 2, 1),
(2, '2020-07-12 16:08:56', 2, 2, 1),
(2, '2020-07-12 16:09:09', 2, 2, 1),
(2, '2020-07-12 16:09:22', 2, 2, 1),
(2, '2020-07-12 16:09:35', 2, 2, 1),
(2, '2020-07-12 16:09:48', 2, 2, 1),
(2, '2020-07-12 16:10:01', 2, 2, 1),
(2, '2020-07-12 16:10:15', 2, 2, 1),
(2, '2020-07-12 16:10:44', 1, 2, 1),
(2, '2020-07-12 16:10:57', 2, 2, 1),
(2, '2020-07-12 16:11:10', 2, 2, 1),
(2, '2020-07-12 16:11:23', 2, 2, 1),
(2, '2020-07-12 16:11:37', 2, 2, 1),
(2, '2020-07-12 16:11:50', 2, 2, 1),
(2, '2020-07-12 16:12:03', 2, 2, 1),
(2, '2020-07-12 16:12:16', 2, 2, 1),
(1, '2020-09-15 23:16:41', 0, 0, 1),
(1, '2020-09-15 23:16:54', 0, 0, 1),
(1, '2020-09-15 23:17:07', 0, 0, 1),
(1, '2020-09-15 23:17:20', 0, 0, 1),
(1, '2020-09-15 23:17:33', 0, 0, 1),
(1, '2020-09-15 23:17:46', 0, 0, 1),
(1, '2020-09-15 23:18:13', 1, 0, 1),
(1, '2020-09-15 23:18:25', 1, 0, 1),
(1, '2020-09-15 23:18:38', 1, 0, 1),
(1, '2020-09-15 23:18:51', 1, 1, 1),
(1, '2020-09-15 23:19:05', 0, 1, 1),
(1, '2020-09-15 23:19:18', 0, 1, 1),
(1, '2020-09-15 23:19:31', 0, 1, 1),
(2, '2020-09-15 23:29:13', 0, 0, 1),
(2, '2020-09-15 23:29:26', 0, 0, 1),
(2, '2020-09-15 23:29:52', 0, 0, 1),
(2, '2020-09-15 23:30:05', 0, 0, 1),
(2, '2020-09-15 23:30:18', 0, 0, 1),
(2, '2020-09-15 23:30:31', 0, 0, 1),
(2, '2020-09-15 23:30:45', 0, 0, 1),
(2, '2020-09-15 23:30:58', 0, 0, 1),
(2, '2020-09-15 23:31:11', 0, 0, 1),
(2, '2020-09-15 23:31:24', 0, 0, 1),
(2, '2020-09-15 23:31:37', 0, 0, 1),
(2, '2020-09-15 23:31:50', 0, 0, 1),
(2, '2020-09-15 23:32:16', 0, 0, 1),
(2, '2020-09-15 23:32:29', 0, 0, 1),
(2, '2020-09-15 23:32:42', 0, 0, 1),
(2, '2020-09-15 23:32:55', 0, 1, 1),
(2, '2020-09-15 23:33:08', 0, 1, 1),
(2, '2020-09-15 23:33:21', 0, 0, 1),
(2, '2020-09-15 23:33:34', 0, 1, 1),
(2, '2020-09-15 23:34:13', 0, 1, 1),
(2, '2020-09-15 23:34:26', 0, 1, 1),
(2, '2020-09-15 23:34:39', 0, 1, 1),
(2, '2020-09-15 23:34:52', 0, 1, 1),
(2, '2020-09-15 23:35:05', 0, 1, 1),
(2, '2020-09-15 23:35:18', 0, 1, 1),
(2, '2020-09-15 23:35:31', 0, 1, 1),
(2, '2020-09-15 23:35:44', 0, 1, 1),
(2, '2020-09-15 23:36:10', 0, 1, 1),
(2, '2020-09-15 23:36:23', 0, 1, 1),
(2, '2020-09-15 23:36:49', 0, 1, 1),
(2, '2020-09-15 23:37:02', 0, 1, 1),
(2, '2020-09-15 23:37:16', 0, 1, 1),
(2, '2020-09-15 23:37:29', 0, 1, 1),
(2, '2020-09-15 23:37:42', 0, 1, 1),
(2, '2020-09-15 23:37:55', 0, 1, 1),
(2, '2020-09-15 23:38:21', 0, 1, 1),
(2, '2020-09-15 23:38:47', 0, 1, 1),
(2, '2020-09-15 23:39:00', 0, 1, 1),
(2, '2020-09-15 23:39:13', 0, 1, 1),
(2, '2020-09-15 23:39:26', 0, 1, 1),
(2, '2020-09-15 23:40:05', 0, 1, 1),
(2, '2020-09-15 23:40:18', 0, 1, 1),
(2, '2020-09-15 23:40:44', 0, 1, 1),
(2, '2020-09-15 23:41:10', 0, 1, 1),
(2, '2020-09-15 23:41:23', 0, 1, 1),
(2, '2020-09-15 23:41:36', 0, 1, 1),
(2, '2020-09-15 23:41:49', 0, 1, 1),
(2, '2020-09-15 23:42:02', 0, 1, 1),
(2, '2020-09-15 23:42:15', 0, 1, 1),
(2, '2020-09-15 23:42:28', 0, 1, 1),
(2, '2020-09-15 23:42:41', 0, 1, 1),
(2, '2020-09-15 23:42:54', 0, 1, 1),
(2, '2020-09-15 23:43:07', 0, 1, 1),
(2, '2020-09-15 23:43:20', 0, 1, 1),
(2, '2020-09-15 23:43:33', 0, 1, 1),
(2, '2020-09-15 23:44:00', 0, 1, 1),
(2, '2020-09-15 23:44:13', 0, 1, 1),
(2, '2020-09-15 23:44:26', 0, 1, 1),
(2, '2020-09-15 23:44:39', 0, 1, 1),
(2, '2020-09-15 23:44:52', 0, 1, 1),
(2, '2020-09-15 23:45:05', 0, 1, 1),
(2, '2020-09-15 23:45:18', 0, 1, 1),
(2, '2020-09-15 23:45:31', 0, 1, 1),
(2, '2020-09-15 23:45:44', 0, 1, 1),
(2, '2020-09-15 23:45:57', 0, 1, 1),
(2, '2020-09-15 23:46:10', 0, 1, 1),
(2, '2020-09-15 23:46:23', 0, 1, 1),
(2, '2020-09-15 23:46:36', 0, 1, 1),
(2, '2020-09-15 23:46:50', 0, 1, 1),
(2, '2020-09-15 23:47:02', 0, 1, 1),
(2, '2020-09-15 23:47:15', 0, 1, 1),
(2, '2020-09-15 23:47:54', 0, 1, 1),
(2, '2020-09-15 23:48:07', 0, 1, 1),
(2, '2020-09-15 23:48:20', 0, 1, 1),
(2, '2020-09-15 23:48:33', 0, 1, 1),
(2, '2020-09-15 23:48:46', 0, 1, 1),
(2, '2020-09-15 23:48:59', 0, 1, 1),
(2, '2020-09-15 23:49:12', 0, 1, 1),
(2, '2020-09-15 23:49:25', 0, 1, 1),
(2, '2020-09-15 23:49:38', 0, 1, 1),
(2, '2020-09-15 23:49:51', 0, 1, 1),
(2, '2020-09-15 23:50:04', 0, 1, 1),
(2, '2020-09-15 23:50:17', 0, 1, 1),
(2, '2020-09-15 23:50:30', 0, 1, 1),
(2, '2020-09-15 23:50:44', 0, 1, 1),
(2, '2020-09-15 23:50:57', 0, 1, 1),
(2, '2020-09-15 23:51:10', 0, 1, 1),
(2, '2020-09-15 23:51:23', 0, 1, 1),
(2, '2020-09-15 23:51:36', 0, 1, 1),
(2, '2020-09-15 23:51:49', 0, 1, 1),
(2, '2020-09-15 23:52:02', 0, 1, 1),
(2, '2020-09-15 23:52:15', 0, 1, 1),
(2, '2020-09-15 23:52:28', 0, 1, 1),
(2, '2020-09-15 23:52:41', 0, 1, 1),
(2, '2020-09-15 23:53:20', 0, 1, 1),
(2, '2020-09-15 23:53:47', 0, 1, 1),
(2, '2020-09-15 23:54:00', 0, 1, 1),
(2, '2020-09-15 23:54:13', 0, 1, 1),
(2, '2020-09-15 23:54:26', 0, 1, 1),
(2, '2020-09-15 23:54:39', 0, 1, 1),
(2, '2020-09-15 23:54:52', 0, 1, 1),
(2, '2020-09-15 23:55:06', 0, 1, 1),
(2, '2020-09-15 23:55:19', 0, 1, 1),
(2, '2020-09-15 23:55:32', 0, 1, 1),
(2, '2020-09-15 23:55:45', 0, 1, 1),
(2, '2020-09-15 23:55:58', 0, 1, 1),
(2, '2020-09-15 23:56:11', 0, 1, 1),
(2, '2020-09-16 00:05:42', 0, 1, 1),
(2, '2020-09-16 00:05:56', 0, 1, 1),
(2, '2020-09-16 00:06:10', 0, 1, 1),
(2, '2020-09-16 00:06:24', 0, 1, 1),
(2, '2020-09-16 00:06:38', 0, 1, 1),
(2, '2020-09-16 00:06:53', 0, 1, 1),
(2, '2020-09-16 00:07:06', 0, 1, 1),
(2, '2020-09-16 00:07:20', 0, 1, 1),
(2, '2020-09-16 00:07:34', 0, 1, 1),
(2, '2020-09-16 00:07:48', 0, 1, 1),
(2, '2020-09-16 00:08:02', 0, 1, 1),
(2, '2020-09-16 00:08:17', 0, 1, 1),
(1, '2020-09-16 00:09:05', 0, 0, 1),
(1, '2020-09-16 00:09:19', 0, 0, 1),
(1, '2020-09-16 00:09:33', 0, 0, 1),
(1, '2020-09-16 00:09:47', 0, 1, 1),
(1, '2020-09-16 00:10:01', 0, 1, 1),
(1, '2020-09-16 00:10:15', 0, 1, 1),
(1, '2020-09-16 00:10:29', 0, 1, 1),
(1, '2020-09-16 00:10:43', 0, 1, 1),
(1, '2020-09-16 00:10:57', 0, 1, 1),
(1, '2020-09-16 00:11:11', 0, 1, 1),
(1, '2020-09-16 00:12:07', 0, 1, 1),
(1, '2020-09-16 00:12:23', 2, 2, 1),
(1, '2020-09-16 00:12:48', 2, 2, 1),
(1, '2020-09-16 00:13:14', 200, 300, 1),
(1, '2020-09-16 00:35:55', 0, 1, 1),
(1, '2020-09-16 00:36:23', 0, 1, 1),
(1, '2020-09-16 00:36:51', 0, 1, 1),
(1, '2020-09-16 00:37:19', 0, 1, 1),
(1, '2020-09-16 00:38:16', 0, 1, 1),
(1, '2020-09-16 00:41:04', 0, 1, 1),
(1, '2020-09-16 00:41:32', 0, 1, 1),
(1, '2020-09-16 00:42:00', 0, 1, 1),
(1, '2020-09-16 00:42:29', 984, 601, 1),
(1, '2020-09-16 00:42:43', 982, 587, 1),
(1, '2020-09-16 00:42:57', 983, 607, 1),
(1, '2020-09-16 00:43:11', 977, 584, 1),
(1, '2020-09-16 00:43:39', 965, 578, 1),
(1, '2020-09-16 00:43:53', 967, 576, 1),
(1, '2020-09-16 00:44:35', 952, 588, 1),
(1, '2020-09-16 00:44:49', 967, 580, 1),
(1, '2020-09-16 00:45:03', 520, 581, 1),
(1, '2020-09-16 00:45:17', 538, 585, 1),
(1, '2020-09-16 00:45:31', 520, 586, 1),
(1, '2020-09-16 00:45:45', 528, 586, 1),
(1, '2020-09-16 00:48:06', 963, 583, 1),
(1, '2020-09-16 00:49:16', 958, 583, 1),
(1, '2020-09-16 00:49:30', 959, 585, 1),
(1, '2020-09-16 00:49:58', 960, 586, 1),
(1, '2020-09-16 00:50:40', 960, 587, 1),
(1, '2020-09-16 00:55:07', 959, 584, 1),
(1, '2020-09-16 00:57:28', 960, 578, 1),
(1, '2020-09-16 01:00:12', 977, 411, 1),
(1, '2020-09-16 01:12:36', 1006, 523, 1),
(1, '2020-09-16 01:12:49', 1004, 528, 1),
(1, '2020-09-16 01:13:04', 1002, 535, 1),
(1, '2020-09-16 01:13:18', 1002, 538, 1),
(1, '2020-09-16 01:13:32', 1002, 544, 1),
(1, '2020-09-16 01:13:46', 999, 546, 1),
(1, '2020-09-16 01:14:09', 1001, 558, 1),
(1, '2020-09-16 01:14:37', 999, 551, 1),
(1, '2020-09-16 01:14:51', 999, 553, 1),
(1, '2020-09-16 01:15:05', 998, 551, 1),
(1, '2020-09-16 01:15:19', 999, 551, 1),
(1, '2020-09-16 01:15:33', 999, 550, 1),
(1, '2020-09-16 14:19:36', 986, 856, 1);

-- --------------------------------------------------------

--
-- Table structure for table `usertable`
--

CREATE TABLE `usertable` (
  `ID` int(11) NOT NULL,
  `Username` varchar(32) NOT NULL,
  `Password` varchar(32) NOT NULL,
  `Email` varchar(32) NOT NULL
) ENGINE=InnoDB DEFAULT CHARSET=utf8mb4;

--
-- Dumping data for table `usertable`
--

INSERT INTO `usertable` (`ID`, `Username`, `Password`, `Email`) VALUES
(1, '63a9f0ea7bb98050796b649e85481845', '2714501247a7b43c23c86ae447d4ff1e', 'aayushshahrocks@gmail.com'),
(2, '66049c07d9e8546699fe0872fd32d8f6', '66049c07d9e8546699fe0872fd32d8f6', 'ayush02shah12@gmail.com'),
(3, '896988541cc49716df87b702f23396d5', '202cb962ac59075b964b07152d234b70', 'prachishah_11@yahoo.com'),
(4, '4c33fcc5417c5825abdd437efd06acb1', '4c33fcc5417c5825abdd437efd06acb1', 'pawartirthesh2@gmail.com'),
(5, 'd41d8cd98f00b204e9800998ecf8427e', 'd41d8cd98f00b204e9800998ecf8427e', '');

--
-- Indexes for dumped tables
--

--
-- Indexes for table `croptable`
--
ALTER TABLE `croptable`
  ADD PRIMARY KEY (`IoTID`),
  ADD UNIQUE KEY `userID` (`userID`);

--
-- Indexes for table `iotdata`
--
ALTER TABLE `iotdata`
  ADD UNIQUE KEY `Date_Time` (`Date_Time`),
  ADD KEY `userId_Fk1` (`userID`);

--
-- Indexes for table `usertable`
--
ALTER TABLE `usertable`
  ADD PRIMARY KEY (`ID`),
  ADD UNIQUE KEY `uname_unique` (`Username`),
  ADD UNIQUE KEY `email_unique` (`Email`);

--
-- AUTO_INCREMENT for dumped tables
--

--
-- AUTO_INCREMENT for table `croptable`
--
ALTER TABLE `croptable`
  MODIFY `IoTID` int(11) NOT NULL AUTO_INCREMENT, AUTO_INCREMENT=3;

--
-- AUTO_INCREMENT for table `usertable`
--
ALTER TABLE `usertable`
  MODIFY `ID` int(11) NOT NULL AUTO_INCREMENT, AUTO_INCREMENT=6;

--
-- Constraints for dumped tables
--

--
-- Constraints for table `croptable`
--
ALTER TABLE `croptable`
  ADD CONSTRAINT `userId_Fk` FOREIGN KEY (`userID`) REFERENCES `usertable` (`ID`);

--
-- Constraints for table `iotdata`
--
ALTER TABLE `iotdata`
  ADD CONSTRAINT `userId_Fk1` FOREIGN KEY (`userID`) REFERENCES `croptable` (`userID`);
COMMIT;

/*!40101 SET CHARACTER_SET_CLIENT=@OLD_CHARACTER_SET_CLIENT */;
/*!40101 SET CHARACTER_SET_RESULTS=@OLD_CHARACTER_SET_RESULTS */;
/*!40101 SET COLLATION_CONNECTION=@OLD_COLLATION_CONNECTION */;
